{"bounds":{"east":114.054908752441,"north":23.9361190795898,"south":22.5168228149414,"west":112.952156066895},"contentType":"quantizedmesh","latLonBounds":{"east":114.054908752441,"north":23.9361190795898,"south":22.5168228149414,"west":112.952156066895},"maxzoom":12,"minzoom":0,"proj":4326,"tiletrans":"tms","type":"terrain","ziped":false}